<?xml version="1.0" encoding="UTF-8"?>
<project-private xmlns="http://www.netbeans.org/ns/project-private/1">
    <editor-bookmarks xmlns="http://www.netbeans.org/ns/editor-bookmarks/2" lastBookmarkId="0"/>
    <open-files xmlns="http://www.netbeans.org/ns/projectui-open-files/2">
        <group>
            <file>file:/C:/Users/plaul1/Dropbox/FAG/CSP-fall2015/period-1/Threads/Thread-3StartCode/src/threadsObserver/RandomUserControl.java</file>
            <file>file:/C:/Users/plaul1/Dropbox/FAG/CSP-fall2015/period-1/Threads/Thread-3StartCode/src/threadsObserver/RandomUserForm.java</file>
        </group>
    </open-files>
</project-private>
